Workbook

Sheet Summary
B2: Overview scoring
C4: Gamma | H4: Delta
B5: Energy source | C5: 1.a Import dependence | D5: 1.b Resource variability | E5: 1.c R/C ratio | F5: Score for gamma | G5: Parameter value for gamma | H5: 2.a Geographic concentration | I5: 2.b Political stability | J5: 2.c Entry points | K5: 2.d Extreme weather events | L5: Score for delta | M5: Parameter value for delta
B6: Coal | C6: ='1.a'!D5 -> 0 | D6: ='1.b'!I7 -> 0.85 | E6: 0.5 | F6: =(Table8[[#This Row],[1.a Import dependence]]+Table8[[#This Row],[1.b Resource variability]]+Table8[[#This Row],[1.c R/C ratio]])/3 -> 0.45 | G6: =-2+4*Table8[[#This Row],[Score for gamma]] -> -0.2 | H6: 0.66458214 | I6: 0.58695782 | J6: 1 | K6: - | L6: =(Table8[[#This Row],[2.a Geographic concentration]]+Table8[[#This Row],[2.b Political stability]]+Table8[[#This Row],[2.c Entry points]])/3 -> 0.75051332 | M6: =2-1.5*Table8[[#This Row],[Score for delta]] -> 0.87423002
B7: LNG | C7: ='1.a'!D7 -> 0.0022 | D7: ='1.b'!I9 -> 0.6 | E7: 0.2 | F7: =(Table8[[#This Row],[1.a Import dependence]]+Table8[[#This Row],[1.b Resource variability]]+Table8[[#This Row],[1.c R/C ratio]])/3 -> 0.2674 | G7: =-2+4*Table8[[#This Row],[Score for gamma]] -> -0.9304 | H7: 0.7693965 | I7: 0.54355595 | J7: 0.5 | K7: - | L7: =(Table8[[#This Row],[2.a Geographic concentration]]+Table8[[#This Row],[2.b Political stability]]+Table8[[#This Row],[2.c Entry points]])/3 -> 0.60431748 | M7: =2-1.5*Table8[[#This Row],[Score for delta]] -> 1.0935238
B8: Offshore wind | C8: ='1.a'!D8 -> 1 | D8: ='1.b'!I10 -> 0.43333333 | E8: 0.1 | F8: =(Table8[[#This Row],[1.a Import dependence]]+Table8[[#This Row],[1.b Resource variability]]+Table8[[#This Row],[1.c R/C ratio]])/3 -> 0.51111111 | G8: =-2+4*Table8[[#This Row],[Score for gamma]] -> 0.044444444 | H8: - | I8: - | J8: - | K8: 0.6872 | L8: 0.6872 | M8: =2-1.5*Table8[[#This Row],[Score for delta]] -> 0.9692
B9: Solar PV | C9: ='1.a'!D9 -> 1 | D9: ='1.b'!I11 -> 0.25 | E9: 0.1 | F9: =(Table8[[#This Row],[1.a Import dependence]]+Table8[[#This Row],[1.b Resource variability]]+Table8[[#This Row],[1.c R/C ratio]])/3 -> 0.45 | G9: =-2+4*Table8[[#This Row],[Score for gamma]] -> -0.2 | H9: - | I9: - | J9: - | K9: 0.4 | L9: 0.4 | M9: =2-1.5*Table8[[#This Row],[Score for delta]] -> 1.4

Sheet 1.a
B2: 1.a Import dependency
B4: Energy source | C4: Import dependence | D4: Score | E4: Reference
B5: Coal | C5: 1 | D5: =1-Table4[[#This Row],[Import dependence]] -> 0 | E5: Bureau of Energy, Ministry of Economic Affairs. (n.d.). Energy Statistics Handbook: Chapter 3-14 — Coal supply and consumption (Coal_Quantity). Energy Statistics Information System of Taiwan (ESIST). Retrieved October 26, 2025, from https://www.esist.org.tw/en/publication/handbook?tab=Energy+Indicators&subtab=
B6: Oil | C6: 0.9902 | D6: =1-Table4[[#This Row],[Import dependence]] -> 0.0098 | E6: Bureau of Energy, Ministry of Economic Affairs. (n.d.). Energy Statistics Handbook: Chapter 1-01 — Energy indicators. Energy Statistics Information System of Taiwan (ESIST). Retrieved October 26, 2025, from https://www.esist.org.tw/en/publication/handbook?tab=Energy+Indicators&subtab=
B7: LNG | C7: 0.9978 | D7: =1-Table4[[#This Row],[Import dependence]] -> 0.0022 | E7: Bureau of Energy, Ministry of Economic Affairs. (n.d.). Energy Statistics Handbook: Chapter 1-01 — Energy indicators. Energy Statistics Information System of Taiwan (ESIST). Retrieved October 26, 2025, from https://www.esist.org.tw/en/publication/handbook?tab=Energy+Indicators&subtab=
B8: Offshore wind | C8: 0 | D8: =1-Table4[[#This Row],[Import dependence]] -> 1
B9: Solar PV | C9: 0 | D9: =1-Table4[[#This Row],[Import dependence]] -> 1

Sheet 1.b
B2: 1.b Resource variability
C3: 1 | D3: 2 | E3: 3
B4: Weight | C4: =1/3 -> 0.33333333 | D4: =1/3 -> 0.33333333 | E4: =1/3 -> 0.33333333
B6: Energy source | C6: 1. Main source of variability | D6: Score 1. | E6: 2. Storability | F6: Score 2. | G6: 3. Capacity factor | H6: Score 3. | I6: Weighted score
B7: Coal | C7: Stable fuel source, low natural variability; variability mainly from geopolitical/market factors with moderate risk | D7: 0.75 | E7: high storability, refer to required reserves also | F7: 1 | G7: 0.6505074 | H7: 0.8 | I7: =Table212[[#This Row],[Score 1.]]*$C$4+Table212[[#This Row],[Score 2.]]*$D$4+Table212[[#This Row],[Score 3.]]*$E$4 -> 0.85
B8: Oil | C8: High geopolitical volatility and market price fluctuations cause significant resource variability | D8: 0.25 | E8: high storability | F8: 1 | G8: 0.22573626 | H8: 0.3 | I8: =Table212[[#This Row],[Score 1.]]*$C$4+Table212[[#This Row],[Score 2.]]*$D$4+Table212[[#This Row],[Score 3.]]*$E$4 -> 0.51666667
B9: LNG | C9: Moderate geopolitical and supply risks; variability in liquefaction and shipping impacts availability, stable fuel availability, existing supply infrastructure | D9: 0.5 | E9: limited stockpiles in cryogenic tanks (~9 days required reserves), moderate buffering | F9: 0.5 | G9: 0.69586553 | H9: 0.8 | I9: =Table212[[#This Row],[Score 1.]]*$C$4+Table212[[#This Row],[Score 2.]]*$D$4+Table212[[#This Row],[Score 3.]]*$E$4 -> 0.6
B10: Offshore wind | C10: • subject to high natural variability from fluctuating wind speeds; climate and weather-driven intermittency,operating probabiltiy: https://www.mdpi.com/1996-1073/13/24/6492 • wind resource quality: Taiwan's offshore wind farms are located in areas with strong mean wind speeds, which is considered above average globally • the Taiwan Strait benefits from consistent monsoon winds, but the region is also prone to typhoons • strong resources, but non-negligible variability and some technical reliability issues. Decent but not perfect reliability, mainly due to weather risks | D10: 0.6 | E10: none, no fuel storage, limited battery energy storage, although improving | F10: 0.1 | G10: 0.30723068 | H10: 0.6 | I10: =Table212[[#This Row],[Score 1.]]*$C$4+Table212[[#This Row],[Score 2.]]*$D$4+Table212[[#This Row],[Score 3.]]*$E$4 -> 0.43333333
B11: Solar | C11: • generally high tue to seasonal changes, frequent cloudy periods, and weather events like typhoons. Solar in Taiwan is more variable than wind • low capacity utilization: 11% • study (https://www.mdpi.com/2071-1050/14/14/8425#table_body_display_sustainability-14-08425-t0A7) ranks solar low, offshore wind medium | D11: 0.35 | E11: none, no fuel storage, limited battery energy storage, although improving | F11: 0.1 | G11: 0.11 | H11: 0.3 | I11: =Table212[[#This Row],[Score 1.]]*$C$4+Table212[[#This Row],[Score 2.]]*$D$4+Table212[[#This Row],[Score 3.]]*$E$4 -> 0.25

Sheet 1.c
B2: 1.c Reserve-to-consumption ratio
B4: Energy source | C4: Days of consumption | D4: Reference | E4: IEA rating | F4: numeric | G4: Benchmark? | H4: Score
B5: Coal | C5: 42 | D5: Ministry of Economic Affairs. (2024, May 27). 原油、天然氣及燃煤進口運送正常，不受中共軍演影響，國內儲備充足，安全無虞 [Imports and transportation of crude oil, natural gas, and coal remain normal and unaffected by PLA military drills; domestic reserves are sufficient and secure]. https://www.moea.gov.tw/Mns/populace/news/News.aspx?kind=1&menu_id=40&news_id=114926 | E5: moderate | F5: 2 | G5: China has 30 days: https://www.bakerinstitute.org/sites/default/files/2024-06/Tes-Collins-Energy-Stockpiling-062024_0.pdf?utm_source=chatgpt.com | H5: =(Table7[[#This Row],[numeric]]-1)/(3-1) -> 0.5
B6: Oil | C6: 146 | D6: 晏明強. (2022, August 17). 台海封鎖戰3》油、氣進不來，台灣能撐多少天不停電？戰備儲油夠安全嗎？ [Taiwan Strait blockade scenario 3: Oil and gas cannot enter, how many days can Taiwan sustain without blackout? Is strategic oil storage sufficient?] Storm Media. https://www.storm.mg/article/4474040 | E6: high | F6: 3 | G6: IEA requirement of 90 days | H6: =(Table7[[#This Row],[numeric]]-1)/(3-1) -> 1
B7: LNG | C7: 8 | D7: Ministry of Economic Affairs. (2011, August 2). 天然氣生產或進口事業自備儲槽容量 [Regulations governing self-owned storage tank capacity for natural gas production or import enterprises]. Republic of China (Taiwan). https://law.moea.gov.tw/LawContent.aspx?id=GL000621 | E7: low | F7: 1 | G7: compared to R/P ratio, below OECD average -> argue for it | H7: 0.2
B8: Offshore wind | F8: 1 | H8: 0.1
B9: Solar PV | F9: 1 | H9: 0.1

Sheet 2.a
B2: 2.b Geographic concentration of fuel suppliers 2024
B4: Energy source | C4: Country | D4: Share (%) | E4: Share^2 | H4: HHI | I4: Score (reverse)
B5: Coal | C5: Australia | D5: 0.488 | E5: =Table54[[#This Row],[Share (%)]]^2 -> 0.238144 | G5: Coal | H5: =SUMIF(B:B,"Coal",E:E) -> 0.33541786 | I5: =1-H5 -> 0.66458214
B6: Coal | C6: Indonesia | D6: 0.2765 | E6: =Table54[[#This Row],[Share (%)]]^2 -> 0.07645225 | G6: LNG | H6: =SUMIF(B:B,"LNG",E:E) -> 0.2306035 | I6: =1-H6 -> 0.7693965
B7: Coal | C7: Russia | D7: 0.1341 | E7: =Table54[[#This Row],[Share (%)]]^2 -> 0.01798281
B8: Coal | C8: South Africa | D8: 0.0346 | E8: =Table54[[#This Row],[Share (%)]]^2 -> 0.00119716
B9: Coal | C9: Colombia | D9: 0.0307 | E9: =Table54[[#This Row],[Share (%)]]^2 -> 0.00094249
B10: Coal | C10: Canada | D10: 0.0244 | E10: =Table54[[#This Row],[Share (%)]]^2 -> 0.00059536
B11: Coal | C11: United States | D11: 0.0013 | E11: =Table54[[#This Row],[Share (%)]]^2 -> 1.69e-06
B12: Coal | C12: Others | D12: 0.0101 | E12: =Table54[[#This Row],[Share (%)]]^2 -> 0.00010201
B13: Coal | C13: Mainland China | D13: 0.0003 | E13: =Table54[[#This Row],[Share (%)]]^2 -> 9e-08
B14: LNG | C14: Australia | D14: 0.3789 | E14: =Table54[[#This Row],[Share (%)]]^2 -> 0.14356521
B15: LNG | C15: Qatar | D15: 0.2534 | E15: =Table54[[#This Row],[Share (%)]]^2 -> 0.06421156
B16: LNG | C16: United States | D16: 0.0985 | E16: =Table54[[#This Row],[Share (%)]]^2 -> 0.00970225
B17: LNG | C17: Papua New Guinea | D17: 0.0647 | E17: =Table54[[#This Row],[Share (%)]]^2 -> 0.00418609
B18: LNG | C18: Others | D18: 0.0634 | E18: =Table54[[#This Row],[Share (%)]]^2 -> 0.00401956
... B23: LNG | C23: Brunei Darussalam | D23: 0.0186 | E23: =Table54[[#This Row],[Share (%)]]^2 -> 0.00034596

Sheet 2.b
B2: 2.c Political stability of fuel exporting countries
E4: The Fragile States Index ranges from 0-120 (worst, most fragile). This score is then normalized. Reference: The Fund for Peace. (n.d.). Global Data – Fragile States Index. Retrieved October 26, 2025, from https://fragilestatesindex.org/global-data/ | H4: The Political Risk Index ranges from 0-1 (least risk) and therefore needs no normalization. Reference: World Bank. (n.d.). Political Risk Services International Country Risk Guide (PRS) [Excel file]. https://www.worldbank.org/content/dam/sites/govindicators/doc/PRS.xlsx | I4: The Political Stability and Absence of Violence/Terrorism scoring ranges from -2.5 to 2-5. The score is therefore also normalized. Reference: Kaufmann, D., Kraay, A., & Mastruzzi, M. (2010). The Worldwide Governance Indicators: Methodology and Analytical Issues (World Bank Policy Research Working Paper No. 5430). https://doi.org/10.1596/1813-9450-5434
B5: Energy source | C5: Country | D5: Share (%) | E5: Fragile States Index 2024 | F5: Reserse | G5: Normal | H5: Political Risk Index 2022 | I5: Political Stability and Absence of Violence/Terrorism: Estimate 2023 | J5: Normalized | K5: Score | M5: Source | N5: Final Score
B6: Coal | C6: Australia | D6: 48.8 | E6: 19.6 | F6: =$F$26-Table6[[#This Row],[Fragile States Index 2024]] -> 100.4 | G6: =(Table6[[#This Row],[Reserse]]-0)/(120-0) -> 0.83666667 | H6: 1 | I6: 0.91705722 | J6: =(Table6[[#This Row],[Political Stability and Absence of Violence/Terrorism: Estimate 2023]]-(-2.5))/(2.5-(-2.5)) -> 0.68341144 | K6: =(Table6[[#This Row],[Normal]]+Table6[[#This Row],[Political Risk Index 2022]]+Table6[[#This Row],[Normalized]])/3 -> 0.84002604 | M6: Coal | N6: =SUMIF(B:B,"Coal",K:K)/COUNTIF(B:B,"Coal") -> 0.58695782
B7: Coal | C7: Indonesia | D7: 27.6 | E7: 63.7 | F7: =$F$26-Table6[[#This Row],[Fragile States Index 2024]] -> 56.3 | G7: =(Table6[[#This Row],[Reserse]]-0)/(120-0) -> 0.46916667 | H7: 0.54166667 | I7: -0.40437531 | J7: =(Table6[[#This Row],[Political Stability and Absence of Violence/Terrorism: Estimate 2023]]-(-2.5))/(2.5-(-2.5)) -> 0.41912494 | K7: =(Table6[[#This Row],[Normal]]+Table6[[#This Row],[Political Risk Index 2022]]+Table6[[#This Row],[Normalized]])/3 -> 0.47665276 | M7: LNG | N7: =SUMIF(B:B,"LNG",K:K)/COUNTIF(B:B,"LNG") -> 0.54355595
B8: Coal | C8: Russia | D8: 13.4 | E8: 81.6 | F8: =$F$26-Table6[[#This Row],[Fragile States Index 2024]] -> 38.4 | G8: =(Table6[[#This Row],[Reserse]]-0)/(120-0) -> 0.32 | H8: 0.45833333 | I8: -1.1343338 | J8: =(Table6[[#This Row],[Political Stability and Absence of Violence/Terrorism: Estimate 2023]]-(-2.5))/(2.5-(-2.5)) -> 0.27313323 | K8: =(Table6[[#This Row],[Normal]]+Table6[[#This Row],[Political Risk Index 2022]]+Table6[[#This Row],[Normalized]])/3 -> 0.35048885
B9: Coal | C9: South Africa | D9: 3.5 | E9: 69.6 | F9: =$F$26-Table6[[#This Row],[Fragile States Index 2024]] -> 50.4 | G9: =(Table6[[#This Row],[Reserse]]-0)/(120-0) -> 0.42 | H9: 0.83333333 | I9: -0.66564202 | J9: =(Table6[[#This Row],[Political Stability and Absence of Violence/Terrorism: Estimate 2023]]-(-2.5))/(2.5-(-2.5)) -> 0.3668716 | K9: =(Table6[[#This Row],[Normal]]+Table6[[#This Row],[Political Risk Index 2022]]+Table6[[#This Row],[Normalized]])/3 -> 0.54006831
B10: Coal | C10: Colombia | D10: 3.1 | E10: 75.6 | F10: =$F$26-Table6[[#This Row],[Fragile States Index 2024]] -> 44.4 | G10: =(Table6[[#This Row],[Reserse]]-0)/(120-0) -> 0.37 | H10: 0.58333333 | I10: -0.71731323 | J10: =(Table6[[#This Row],[Political Stability and Absence of Violence/Terrorism: Estimate 2023]]-(-2.5))/(2.5-(-2.5)) -> 0.35653735 | K10: =(Table6[[#This Row],[Normal]]+Table6[[#This Row],[Political Risk Index 2022]]+Table6[[#This Row],[Normalized]])/3 -> 0.43662356
B11: Coal | C11: Canada | D11: 2.4 | E11: 18.6 | F11: =$F$26-Table6[[#This Row],[Fragile States Index 2024]] -> 101.4 | G11: =(Table6[[#This Row],[Reserse]]-0)/(120-0) -> 0.845 | H11: 1 | I11: 0.82242054 | J11: =(Table6[[#This Row],[Political Stability and Absence of Violence/Terrorism: Estimate 2023]]-(-2.5))/(2.5-(-2.5)) -> 0.66448411 | K11: =(Table6[[#This Row],[Normal]]+Table6[[#This Row],[Political Risk Index 2022]]+Table6[[#This Row],[Normalized]])/3 -> 0.8364947
B12: Coal | C12: United States | D12: 0.1 | E12: 44.5 | F12: =$F$26-Table6[[#This Row],[Fragile States Index 2024]] -> 75.5 | G12: =(Table6[[#This Row],[Reserse]]-0)/(120-0) -> 0.62916667 | H12: 0.75 | I12: 0.029424749 | J12: =(Table6[[#This Row],[Political Stability and Absence of Violence/Terrorism: Estimate 2023]]-(-2.5))/(2.5-(-2.5)) -> 0.50588495 | K12: =(Table6[[#This Row],[Normal]]+Table6[[#This Row],[Political Risk Index 2022]]+Table6[[#This Row],[Normalized]])/3 -> 0.62835054
B13: LNG | C13: Australia | D13: 37.9 | E13: 19.6 | F13: =$F$26-Table6[[#This Row],[Fragile States Index 2024]] -> 100.4 | G13: =(Table6[[#This Row],[Reserse]]-0)/(120-0) -> 0.83666667 | H13: 1 | I13: 0.91705722 | J13: =(Table6[[#This Row],[Political Stability and Absence of Violence/Terrorism: Estimate 2023]]-(-2.5))/(2.5-(-2.5)) -> 0.68341144 | K13: =(Table6[[#This Row],[Normal]]+Table6[[#This Row],[Political Risk Index 2022]]+Table6[[#This Row],[Normalized]])/3 -> 0.84002604
B14: LNG | C14: Qatar | D14: 25.3 | E14: 39.8 | F14: =$F$26-Table6[[#This Row],[Fragile States Index 2024]] -> 80.2 | G14: =(Table6[[#This Row],[Reserse]]-0)/(120-0) -> 0.66833333 | H14: 0.5 | I14: 0.99338114 | J14: =(Table6[[#This Row],[Political Stability and Absence of Violence/Terrorism: Estimate 2023]]-(-2.5))/(2.5-(-2.5)) -> 0.69867623 | K14: =(Table6[[#This Row],[Normal]]+Table6[[#This Row],[Political Risk Index 2022]]+Table6[[#This Row],[Normalized]])/3 -> 0.62233652
B15: LNG | C15: United States | D15: 9.8 | E15: 44.5 | F15: =$F$26-Table6[[#This Row],[Fragile States Index 2024]] -> 75.5 | G15: =(Table6[[#This Row],[Reserse]]-0)/(120-0) -> 0.62916667 | H15: 0.75 | I15: 0.029424749 | J15: =(Table6[[#This Row],[Political Stability and Absence of Violence/Terrorism: Estimate 2023]]-(-2.5))/(2.5-(-2.5)) -> 0.50588495 | K15: =(Table6[[#This Row],[Normal]]+Table6[[#This Row],[Political Risk Index 2022]]+Table6[[#This Row],[Normalized]])/3 -> 0.62835054
B16: LNG | C16: Papua New Guinea | D16: 6.5 | E16: 78.8 | F16: =$F$26-Table6[[#This Row],[Fragile States Index 2024]] -> 41.2 | G16: =(Table6[[#This Row],[Reserse]]-0)/(120-0) -> 0.34333333 | H16: 0.70833333 | I16: -0.47884482 | J16: =(Table6[[#This Row],[Political Stability and Absence of Violence/Terrorism: Estimate 2023]]-(-2.5))/(2.5-(-2.5)) -> 0.40423104 | K16: =(Table6[[#This Row],[Normal]]+Table6[[#This Row],[Political Risk Index 2022]]+Table6[[#This Row],[Normalized]])/3 -> 0.48529923
B17: LNG | C17: Malaysia | D17: 4.9 | E17: 53.1 | F17: =$F$26-Table6[[#This Row],[Fragile States Index 2024]] -> 66.9 | G17: =(Table6[[#This Row],[Reserse]]-0)/(120-0) -> 0.5575 | H17: 0.71 | I17: 0.1685147 | J17: =(Table6[[#This Row],[Political Stability and Absence of Violence/Terrorism: Estimate 2023]]-(-2.5))/(2.5-(-2.5)) -> 0.53370294 | K17: =(Table6[[#This Row],[Normal]]+Table6[[#This Row],[Political Risk Index 2022]]+Table6[[#This Row],[Normalized]])/3 -> 0.60040098
B18: LNG | C18: Indonesia | D18: 4 | E18: 63.7 | F18: =$F$26-Table6[[#This Row],[Fragile States Index 2024]] -> 56.3 | G18: =(Table6[[#This Row],[Reserse]]-0)/(120-0) -> 0.46916667 | H18: 0.54166667 | I18: -0.40437531 | J18: =(Table6[[#This Row],[Political Stability and Absence of Violence/Terrorism: Estimate 2023]]-(-2.5))/(2.5-(-2.5)) -> 0.41912494 | K18: =(Table6[[#This Row],[Normal]]+Table6[[#This Row],[Political Risk Index 2022]]+Table6[[#This Row],[Normalized]])/3 -> 0.47665276
B19: LNG | C19: Russia | D19: 2.2 | E19: 81.6 | F19: =$F$26-Table6[[#This Row],[Fragile States Index 2024]] -> 38.4 | G19: =(Table6[[#This Row],[Reserse]]-0)/(120-0) -> 0.32 | H19: 0.45833333 | I19: -1.1343338 | J19: =(Table6[[#This Row],[Political Stability and Absence of Violence/Terrorism: Estimate 2023]]-(-2.5))/(2.5-(-2.5)) -> 0.27313323 | K19: =(Table6[[#This Row],[Normal]]+Table6[[#This Row],[Political Risk Index 2022]]+Table6[[#This Row],[Normalized]])/3 -> 0.35048885
... B21: LNG | C21: Brunei Darussalam | D21: 1.9 | E21: 53.9 | F21: =$F$26-Table6[[#This Row],[Fragile States Index 2024]] -> 66.1 | G21: =(Table6[[#This Row],[Reserse]]-0)/(120-0) -> 0.55083333 | H21: 0.45833333 | I21: 1.3660007 | J21: =(Table6[[#This Row],[Political Stability and Absence of Violence/Terrorism: Estimate 2023]]-(-2.5))/(2.5-(-2.5)) -> 0.77320013 | K21: =(Table6[[#This Row],[Normal]]+Table6[[#This Row],[Political Risk Index 2022]]+Table6[[#This Row],[Normalized]])/3 -> 0.59412227
E25: Fragile States Index | H25: Political Risk Index | K25: Political Stability and Absence of Violence/Terrorism: Estimate
E26: Max (bad) | F26: 120 | H26: Max (good) | I26: 1 | K26: Max (good) | L26: 2.5
E27: Min | F27: 0 | H27: Min | I27: 0 | K27: Min | L27: -2.5
E28: Source | F28: https://fragilestatesindex.org/global-data/ | H28: Source | I28: https://www.worldbank.org/content/dam/sites/govindicators/doc/PRS.xlsx | K28: Source | L28: https://data.worldbank.org/indicator/PV.EST?most_recent_value_desc=true&type=shaded

Sheet 2.c
B2: 2.c Entry points
B4: Energy source | C4: No. Of entry points | D4: Reference | E4: IEA score | F4: Score
B5: Coal | C5: 5 | D5: Boone, M. (2023, September 6). Securing Taiwan’s Black Gold: A Crude Analysis. Global Taiwan Institute. https://globaltaiwan.org/2023/09/securing-taiwans-black-gold-a-crude-analysis/ | E5: high | F5: 1
B6: LNG | C6: 2 | D6: Simorre, A. (2024, October). Taiwan’s energy supply: The Achilles’ heel of national security (Asie.Visions, No. 142). French Institute of International Relations (Ifri). https://www.ifri.org/sites/default/files/2024-10/ifri_simorre_approvisionnement_energetique_taiwan_2024.pdf | E6: medium | F6: 0.5

Sheet 2.d
B2: 2.d Extreme weather events
B4: Energy source | C4: Metric | D4: Score | E4: Source
B5: Offshore wind | C5: Operating probability of 68.72%: chance that wind speed is between the cut-in and cut-out wind speeds. cut-in wind speed (minimum wind speed for the wind turbine to operate), and cut-out wind speed (maximum wind speed before being turned off the wind turbine for equipment protection). | D5: 0.6872 | E5: Cheng, K.-S., Ho, C.-Y., & Teng, J.-H. (2020). Wind Characteristics in the Taiwan Strait: A Case Study of the First Offshore Wind Farm in Taiwan. Energies, 13(24), 6492. https://doi.org/10.3390/en13246492
B6: Solar PV | C6: Qualitative assessment taken into account typhoon exposure, flooding risk, hot temperature >35°C | D6: 0.4 | E6: Yang, C. (2025, July 16). Typhoon Danas damages 145,000 solar panels in southern Taiwan. Taiwan News. https://www.taiwannews.com.tw/news/6156939 Cheng, C.-M., & Chang, C.-H. (2004). Specifications on building wind resistance design and wind environmental issues in Taiwan. Wind Engineering Research Center, Tamkang University. https://www.wind.arch.t-kougei.ac.jp/APECWW/Report/2004/TWN.pdf PVKnowHow. (n.d.). Taiwan Solar Panel Manufacturing Report: Market Analysis and Insights. Retrieved November 11, 2025, from https://www.pvknowhow.com/solar-report/taiwan/
